247,2021年春新色,,BL923,8000,2021年春新色,青,2021年春新色,,
248,2021年春新色,,BL924,8000,2021年春新色,青,2021年春新色,,
249,2021年春新色,,GR717,8000,2021年春新色,青,2021年春新色,,
250,2021年春新色,,GR718,8000,2021年春新色,青,2021年春新色,,
251,2021年春新色,,GR719,8000,2021年春新色,青,2021年春新色,,
252,2021年春新色,,OR211,8000,2021年春新色,青,2021年春新色,,
253,2021年春新色,,OR212,8000,2021年春新色,青,2021年春新色,,
254,2021年春新色,,OR251,8000,2021年春新色,青,2021年春新色,,
255,2021年春新色,,PK829,8000,2021年春新色,青,2021年春新色,,
256,2021年春新色,,PU117,8000,2021年春新色,青,2021年春新色,,
257,2021年春新色,,RD415,8000,2021年春新色,青,2021年春新色,,
258,2021年春新色,,RD450,8000,2021年春新色,青,2021年春新色,,
259,2021年春新色,,RO607,8000,2021年春新色,青,2021年春新色,,
260,2021年春新色,,YE509,8000,2021年春新色,青,2021年春新色,,
261,2021年春新色,,YE510,8000,2021年春新色,青,2021年春新色,,
262,2021年春新色,,BL971,8000,2021年春新色,青,2021年春新色,,
263,2021年春新色,,OR272,8000,2021年春新色,青,2021年春新色,,
264,2021年春新色,,PK871,8000,2021年春新色,青,2021年春新色,,
265,2021年春新色,,PU173,8000,2021年春新色,青,2021年春新色,,
266,2021年春新色,,RD471,8000,2021年春新色,青,2021年春新色,,
267,2021年春新色,,YE571,8000,2021年春新色,青,2021年春新色,,
268,2021年春新色,,BL963,8000,2021年春新色,青,2021年春新色,,
269,2021年春新色,,BL964,8000,2021年春新色,青,2021年春新色,,
270,2021年春新色,,BL965,8000,2021年春新色,青,2021年春新色,,
271,2021年春新色,,BL966,8000,2021年春新色,青,2021年春新色,,
272,2021年春新色,,GY063,8000,2021年春新色,青,2021年春新色,,
273,2021年春新色,,GY064,8000,2021年春新色,青,2021年春新色,,
274,2021年春新色,,OR261,8000,2021年春新色,青,2021年春新色,,
275,2021年春新色,,PK865,8000,2021年春新色,青,2021年春新色,,
276,2021年春新色,,WT065,8000,2021年春新色,青,2021年春新色,,
277,2021年春新色,,WT066,8000,2021年春新色,青,2021年春新色,,
278,2021年春新色,,BL972,8000,2021年春新色,青,2021年春新色,,
279,2021年春新色,,GR771,8000,2021年春新色,青,2021年春新色,,
280,2021年春新色,,OR273,8000,2021年春新色,青,2021年春新色,,
281,2021年春新色,,PK872,8000,2021年春新色,青,2021年春新色,,
282,2021年春新色,,PU174,8000,2021年春新色,青,2021年春新色,,
283,2021年春新色,,PU175,8000,2021年春新色,青,2021年春新色,,
284,2021年春新色,,SV078,8000,2021年春新色,青,2021年春新色,,
285,2021年春新色,,YE572,8000,2021年春新色,青,2021年春新色,,
