286,2021年7月新色,,BE322,,,,﻿DLMI322,¥999,2020/02/01,2099/12/31,0,2020/02/01,,8000,2021年7月新色,2021年7月新色
287,2021年7月新色,,BE323,,,,DLMI323,¥999,2020/02/01,2099/12/31,0,2020/02/01,,8000,2021年7月新色,2021年7月新色
288,2021年7月新色,,BL925,,,,DLMI925,¥999,2020/02/01,2099/12/31,0,2020/02/01,,8000,2021年7月新色,2021年7月新色
289,2021年7月新色,,BL926,,,,DLMI926,¥999,2020/02/01,2099/12/31,0,2020/02/01,,8000,2021年7月新色,2021年7月新色
290,2021年7月新色,,BR324,,,,DLMI324,¥999,2020/02/01,2099/12/31,0,2020/02/01,,8000,2021年7月新色,2021年7月新色
291,2021年7月新色,,GD036,,,,DLMI036,¥999,2020/02/01,2099/12/31,0,2020/02/01,,8000,2021年7月新色,2021年7月新色
292,2021年7月新色,,GD037,,,,DLMI037,¥999,2020/02/01,2099/12/31,0,2020/02/01,,8000,2021年7月新色,2021年7月新色
293,2021年7月新色,,GR720,,,,DLMI720,¥999,2020/02/01,2099/12/31,0,2020/02/01,,8000,2021年7月新色,2021年7月新色
294,2021年7月新色,,GR721,,,,DLMI721,¥999,2020/02/01,2099/12/31,0,2020/02/01,,8000,2021年7月新色,2021年7月新色
295,2021年7月新色,,GR722,,,,DLMI722,¥999,2020/02/01,2099/12/31,0,2020/02/01,,8000,2021年7月新色,2021年7月新色
296,2021年7月新色,,GR723,,,,DLMI723,¥999,2020/02/01,2099/12/31,0,2020/02/01,,8000,2021年7月新色,2021年7月新色
297,2021年7月新色,,GY034,,,,DLMI034,¥999,2020/02/01,2099/12/31,0,2020/02/01,,8000,2021年7月新色,2021年7月新色
298,2021年7月新色,,GY035,,,,DLMI035,¥999,2020/02/01,2099/12/31,0,2020/02/01,,8000,2021年7月新色,2021年7月新色
299,2021年7月新色,,OR213,,,,DLMI213,¥999,2020/02/01,2099/12/31,0,2020/02/01,,8000,2021年7月新色,2021年7月新色
300,2021年7月新色,,PK830,,,,DLMI830,¥999,2020/02/01,2099/12/31,0,2020/02/01,,8000,2021年7月新色,2021年7月新色
301,2021年7月新色,,PU118,,,,DLMI118,¥999,2020/02/01,2099/12/31,0,2020/02/01,,8000,2021年7月新色,2021年7月新色
302,2021年7月新色,,PU119,,,,DLMI119,¥999,2020/02/01,2099/12/31,0,2020/02/01,,8000,2021年7月新色,2021年7月新色
303,2021年7月新色,,RD416,,,,DLMI416,¥999,2020/02/01,2099/12/31,0,2020/02/01,,8000,2021年7月新色,2021年7月新色
304,2021年7月新色,,RD417,,,,DLMI417,¥999,2020/02/01,2099/12/31,0,2020/02/01,,8000,2021年7月新色,2021年7月新色
305,2021年7月新色,,RD418,,,,DLMI418,¥999,2020/02/01,2099/12/31,0,2020/02/01,,8000,2021年7月新色,2021年7月新色
306,2021年7月新色,,BE386,,,,DLOA386,¥999,2020/02/01,2099/12/31,0,2020/02/01,,8000,2021年7月新色,2021年7月新色
307,2021年7月新色,,BE387,,,,DLOA387,¥999,2020/02/01,2099/12/31,0,2020/02/01,,8000,2021年7月新色,2021年7月新色
308,2021年7月新色,,PK887,,,,DLOA887,¥999,2020/02/01,2099/12/31,0,2020/02/01,,8000,2021年7月新色,2021年7月新色
309,2021年7月新色,,PK888,,,,DLOA888,¥999,2020/02/01,2099/12/31,0,2020/02/01,,8000,2021年7月新色,2021年7月新色
310,2021年7月新色,,BE391,,,,DLOC391,¥999,2020/02/01,2099/12/31,0,2020/02/01,,8000,2021年7月新色,2021年7月新色
311,2021年7月新色,,BE392,,,,DLOC392,¥999,2020/02/01,2099/12/31,0,2020/02/01,,8000,2021年7月新色,2021年7月新色
312,2021年7月新色,,BE393,,,,DLOC393,¥999,2020/02/01,2099/12/31,0,2020/02/01,,8000,2021年7月新色,2021年7月新色
313,2021年7月新色,,BE394,,,,DLOC394,¥999,2020/02/01,2099/12/31,0,2020/02/01,,8000,2021年7月新色,2021年7月新色
314,2021年7月新色,,BR395,,,,DLOC395,¥999,2020/02/01,2099/12/31,0,2020/02/01,,8000,2021年7月新色,2021年7月新色
315,2021年7月新色,,RD490,,,,DLOC490,¥999,2020/02/01,2099/12/31,0,2020/02/01,,8000,2021年7月新色,2021年7月新色
